Company Name,Ticker,Fiscal Year,Revenue Group (Reportable Segment),Revenue Line,Line Item description (company language),Revenue ($m)
Apple Inc.,AAPL,2025,Product/Service disclosure,iPhone,"iPhone is the Company’s line of smartphones based on its iOS operating system. The iPhone line includes iPhone 17 Pro, iPhone Air™, iPhone 17, iPhone 16 and iPhone 16e.",209586.0
Apple Inc.,AAPL,2025,Product/Service disclosure,Services,"Advertising The Company’s advertising services include third-party licensing arrangements and the Company’s own advertising platforms. AppleCare The Company offers a portfolio of fee-based service and support products under the AppleCare ® brand. The offerings provide priority access to Apple technical support, access to the global Apple authorized service network for repair and replacement services, and in many cases additional coverage for instances of accidental damage or theft and loss, depending on the country and type of product. Cloud Services The Company’s cloud services store and keep customers’ content up-to-date and available across multiple Apple devices and Windows personal computers. Digital Content The Company operates various platforms, including the App Store ® , that allow customers to discover and download applications and digital content, such as books, music, video, games and podcasts. The Company also offers digital content through subscription-based services, including Apple Arcade ® , a game service; Apple Fitness+ ® , a personalized fitness service; Apple Music ® , which offers users a curated listening experience with on-demand radio stations; Apple News+ ® , a news and magazine service; and Apple TV ® , which offers exclusive original content and live sports.",109158.0
Apple Inc.,AAPL,2025,Product/Service disclosure,"Wearables, Home and Accessories","Wearables includes smartwatches, wireless headphones and spatial computers. Home includes Apple TV 4K, the Company’s media streaming and gaming device, and HomePod and HomePod mini, high-fidelity wireless smart speakers; Accessories includes Apple-branded and third-party accessories.",35686.0
Apple Inc.,AAPL,2025,Product/Service disclosure,Mac,"Mac is the Company’s line of personal computers based on its macOS operating system. The Mac line includes laptops MacBook Air and MacBook Pro, as well as desktops iMac, Mac mini, Mac Studio and Mac Pro.",33708.0
Apple Inc.,AAPL,2025,Product/Service disclosure,iPad,"iPad is the Company’s line of multipurpose tablets based on its iPadOS operating system. The iPad line includes iPad Pro, iPad Air, iPad and iPad mini.",28023.0
MICROSOFT CORP,MSFT,2025,Intelligent Cloud,Server products and cloud services,"Azure is a comprehensive set of cloud services that offer developers, IT professionals, and enterprises freedom to build, deploy, and manage applications on any platform or device. Customers can use Azure through our global network of datacenters for computing, networking, storage, mobile and web application services, AI, Internet of Things, cognitive services, and machine learning. Azure enables customers to devote more resources to development and use of applications that benefit their organizations, rather than managing on-premises hardware and software. Azure revenue is mainly affected by infrastructure-as-a-service and platform-as-a-service consumption-based services. Azure AI offerings provide a competitive advantage as companies seek ways to optimize and scale their business with AI. We offer supercomputing power for AI at scale to run large workloads, complemented by our rapidly expanding portfolio of AI cloud services (including the latest models) and hardware, which includes custom-built silicon and strong partnerships with chip manufacturers.",98435.0
MICROSOFT CORP,MSFT,2025,Productivity and Business Processes,Microsoft 365 Commercial products and cloud services,"Microsoft 365 Commercial is an AI-powered business and productivity solutions platform that brings together Office, Windows, Microsoft 365 Copilot, and Enterprise Mobility + Security to help organizations empower their employees. Growth depends on our ability to reach new users in new markets such as frontline workers, small and medium businesses, and growth markets, as well as add AI-enabled tools, features, and agentic scenarios to our core product and service offerings across communication, collaboration, analytics, security, compliance, and other AI business productivity categories. Microsoft 365 Commercial revenue is mainly affected by a combination of continued installed base growth and average revenue per user expansion, as well as the continued shift from Office licensed on-premises to Microsoft 365. Microsoft 365 Consumer Products and Cloud Services Microsoft 365 Consumer is designed to increase personal productivity and creativity through a range of products and services. Growth depends on our ability to reach new users, add value to our core product set with new features including AI tools, and continue to expand our product and service offerings into new markets. Microsoft 365 Consumer cloud revenue and Office Consumer products revenue is mainly affected by the percentage of customers that buy Office with their new devices and the continued shift from Office licensed on-premises to Microsoft 365 Consumer subscriptions.",87767.0
MICROSOFT CORP,MSFT,2025,More Personal Computing,Gaming,"Microsoft is expanding how billions of people globally access and play video games on PC, console, mobile, and cloud. Our game content is developed through a collection of first-party studios creating iconic and differentiated gaming experiences. We continue to invest in gaming studios and content to expand our intellectual property roadmap and leverage new content creators. These unique gaming experiences are the cornerstone of Xbox Game Pass, a subscription service and gaming community with access to a curated library of first- and third-party titles. The gamer remains at the heart of the Xbox ecosystem. We are identifying new opportunities to attract gamers across a variety of different end points through our first- and third-party content and business diversification across subscriptions, ads, and digital stores.",23455.0
MICROSOFT CORP,MSFT,2025,Productivity and Business Processes,LinkedIn,"LinkedIn connects the world’s professionals to make them more productive and successful and transforms the way companies hire, market, sell, and learn. In addition to LinkedIn’s free services, LinkedIn offers monetized solutions designed to offer AI-enabled insights and productivity: Talent Solutions, Marketing Solutions, Premium Subscriptions, and Sales Solutions. Growth will depend on our ability to increase LinkedIn member engagement on the platform and our ability to continue offering insight and AI-enabled services that provide value for our members and customers. LinkedIn revenue is mainly affected by demand from enterprises and professionals for subscriptions to Talent Solutions, Sales Solutions, and Premium Subscriptions offerings, as well as member engagement and the quality of the sponsored content delivered to those members to drive Marketing Solutions. Dynamics Products and Cloud Services Dynamics provides cloud-based and on-premises business solutions for financial management, enterprise resource planning (“ERP”), customer relationship management (“CRM”), and supply chain management, as well as agentic AI and other low code application development platforms, for small and medium businesses, large organizations, and divisions of global enterprises. Competition Competitors to Office include software and global application vendors, web-based and mobile application companies, AI-first application companies, as well as local application developers.",17812.0
MICROSOFT CORP,MSFT,2025,More Personal Computing,Windows and Devices,"The Windows operating system is designed to deliver a more personal computing experience for users by enabling consistency of experience, applications, and information across their devices. Windows OEM revenue is impacted significantly by the number of Windows operating system licenses purchased by OEMs, which they pre-install on the devices they sell. In addition to computing device market volume, Windows OEM revenue is impacted by: • The mix of computing devices based on form factor and screen size. • Differences in device market demand between developed markets and growth markets. • Growth of the AI PC category. • Attachment of Windows to devices shipped. • Customer mix between consumer, small and medium businesses, and large enterprises. • Changes in inventory levels in the OEM channel. • Pricing changes and promotions, pricing variation that occurs when the mix of devices manufactured shifts from local and regional system builders to large multinational OEMs, and different pricing of Windows versions licensed. • Constraints in the supply chain of device components. • Piracy. We design and sell devices, such as Surface (including Copilot+ PCs) and PC accessories. Our devices are designed to enable people and organizations to connect to the people and content that matter most using Windows and integrated Microsoft products and services. Surface is designed to help organizations, students, and consumers be more productive.",17314.0
MICROSOFT CORP,MSFT,2025,More Personal Computing,Search and news advertising,"Our Search and news advertising business is designed to deliver relevant search, native, and display advertising to a global audience. Microsoft Copilot is a digital companion designed to inform, entertain, and inspire. Our Microsoft Edge browser and Bing search engine with Copilot are key tools to enable user acquisition and engagement, while our technology platform enables accelerated delivery of digital advertising solutions. In addition to first-party tools, we have several partnerships with companies through which we provide and monetize search offerings. Growth depends on our ability to attract new users, understand intent, and match intent with relevant content on advertising offerings. Competition Windows faces competition from various software products and from alternative platforms and devices.",13878.0
MICROSOFT CORP,MSFT,2025,Productivity and Business Processes,Dynamics products and cloud services,"Dynamics provides cloud-based and on-premises business solutions for financial management, enterprise resource planning (“ERP”), customer relationship management (“CRM”), and supply chain management, as well as agentic AI and other low code application development platforms, for small and medium businesses, large organizations, and divisions of global enterprises. Competition Competitors to Office include software and global application vendors, web-based and mobile application companies, AI-first application companies, as well as local application developers. We compete by providing secure, integrated industry-specific, and easy-to-use productivity and collaboration tools and services that create comprehensive solutions and work well with technologies our customers already have both on-premises or in the cloud. Windows faces competition from various software products and from alternative platforms and devices. Microsoft Defender for Endpoint competes with endpoint security solution providers. Our Enterprise Mobility + Security offerings compete with products from a range of competitors including identity vendors, security solution vendors, and numerous other security point solution vendors.",7827.0
MICROSOFT CORP,MSFT,2025,Intelligent Cloud,Enterprise and partner services,"Enterprise and partner services, including Enterprise Support Services, Industry Solutions, Nuance professional services, Microsoft Partner Network, and Learning Experience, assist customers in developing, deploying, and managing Microsoft server solutions, Microsoft desktop solutions, and Nuance conversational AI and ambient intelligent solutions, along with providing training and certification to developers and IT professionals on various Microsoft products. Competition Azure faces diverse competition from cloud service providers and open source offerings. Azure’s competitive advantage includes enabling a hybrid cloud, allowing deployment of existing datacenters with our public cloud into a single, cohesive infrastructure, and the ability to run at a scale that meets the needs of businesses of all sizes and complexities. Our AI offerings compete with AI products from hyperscalers, as well as products from other emerging competitors and other open source offerings, many of which are also current or potential partners. Our Azure Security offerings include our cloud security solution and security information and event management solution, which compete with providers in the cybersecurity and cloud security space. We believe our cloud’s global scale, coupled with our broad portfolio of identity and security solutions, allows us to effectively solve complex cybersecurity challenges for our customers and differentiates us from the competition.",7760.0
MICROSOFT CORP,MSFT,2025,Productivity and Business Processes,Microsoft 365 Consumer products and cloud services,"Microsoft 365 Consumer is designed to increase personal productivity and creativity through a range of products and services. Growth depends on our ability to reach new users, add value to our core product set with new features including AI tools, and continue to expand our product and service offerings into new markets. Microsoft 365 Consumer cloud revenue and Office Consumer products revenue is mainly affected by the percentage of customers that buy Office with their new devices and the continued shift from Office licensed on-premises to Microsoft 365 Consumer subscriptions. In addition to LinkedIn’s free services, LinkedIn offers monetized solutions designed to offer AI-enabled insights and productivity: Talent Solutions, Marketing Solutions, Premium Subscriptions, and Sales Solutions. Growth will depend on our ability to increase LinkedIn member engagement on the platform and our ability to continue offering insight and AI-enabled services that provide value for our members and customers. LinkedIn revenue is mainly affected by demand from enterprises and professionals for subscriptions to Talent Solutions, Sales Solutions, and Premium Subscriptions offerings, as well as member engagement and the quality of the sponsored content delivered to those members to drive Marketing Solutions.",7404.0
MICROSOFT CORP,MSFT,2025,Other,Other,,72.0
Alphabet Inc.,GOOGL,2024,Google Services,Google Search & other,"Google Search & other includes revenues generated on Google search properties (including revenues from traffic generated by search distribution partners who use Google.com as their default search in browsers, toolbars, etc.), and other Google owned and operated properties like Gmail, Google Maps, and Google Play.",198084.0
Alphabet Inc.,GOOGL,2024,Google Cloud,Google Cloud,"Through our Google Cloud Platform and Google Workspace offerings, Google Cloud generates revenues primarily from consumption-based fees and subscriptions for infrastructure, platform, applications, and other cloud services. Customers use Google Cloud in multiple ways such as: • AI-optimized Infrastructure: provides open, reliable, and scalable compute, networking, and storage to enable customers to run workloads anywhere — on our Cloud, at the edge, or in their data centers. It can be used to migrate and modernize IT systems and to train and serve various types of AI models. • Developer Platform: provides developers, through the Vertex AI platform, the ability to train, tune, augment, test, and deploy applications using Gemini and other leading generative AI models. We offer widely used first-party, third-party, and open models along with services such as vector search, grounding, and distillation to further improve the cost and quality of models. • Cybersecurity: provides AI powered cybersecurity solutions to help customers analyze, detect, protect, and respond to a broad range of cybersecurity threats, to further strengthen security outcomes, prioritize which threats to investigate, and identify attack paths, as well as accelerate resolution of cybersecurity threats. 7. Table of Contents Alphabet Inc. • Data and Analytics: provides a variety of different types of databases — relational, key-value, and in-memory — to store and manage data for different types of applications ",43229.0
Alphabet Inc.,GOOGL,2024,Google Services,"Google subscriptions, platforms, and devices","Google subscriptions, platforms, and devices revenues consist of revenues from: 57. Table of Contents Alphabet Inc. • consumer subscriptions, which primarily include revenues from YouTube services, such as YouTube TV, YouTube Music and Premium, and NFL Sunday Ticket, as well as Google One; • platforms, which primarily include revenues from Google Play sales of apps and in-app purchases; • devices, which primarily include sales of the Pixel family of devices; and • other products and services. Google Cloud Revenues Google Cloud revenues consist of revenues from: • Google Cloud Platform, which generates consumption-based fees and subscriptions for infrastructure, platform, and other services. These services provide access to solutions such as AI offerings including our AI infrastructure, Vertex AI platform, and Gemini for Google Cloud; cybersecurity; and data and analytics; • Google Workspace, which includes subscriptions for cloud-based communication and collaboration tools for enterprises, such as Calendar, Gmail, Docs, Drive, and Meet, with integrated features like Gemini for Google Workspace; and • other enterprise services. Our cloud services are generally provided on either a consumption or subscription basis and may have contract terms longer than a year. Arrangements with Multiple Performance Obligations Our contracts with customers may include multiple performance obligations.",40340.0
Alphabet Inc.,GOOGL,2024,Google Services,YouTube ads,YouTube ads includes revenues generated on YouTube properties.,36147.0
Alphabet Inc.,GOOGL,2024,Google Services,Google Network,"Google Network includes revenues generated on Google Network properties participating in AdMob, AdSense, and Google Ad Manager.",30359.0
Alphabet Inc.,GOOGL,2024,Other Bets,Other Bets,"Across Alphabet, we are also using technology to try to solve big problems that affect a wide variety of industries, including transportation and health technology. Alphabet’s investment in the portfolio of Other Bets includes businesses that are at various stages of development, ranging from those in the R&D phase to those that are in the beginning stages of commercialization. Our goal is for them to become thriving, successful businesses. Other Bets operate as independent companies and some of them have their own boards with independent members and outside investors. While these early-stage businesses naturally come with considerable uncertainty, some of them are already generating revenue and making important strides in their industries. Revenues from Other Bets are generated primarily from the sale of healthcare-related services, and internet services.",1648.0
AMAZON COM INC,AMZN,2024,Product/Service disclosure,Online stores,"We leverage our retail infrastructure to offer a wide selection of consumable and durable goods that includes media products available in both a physical and digital format, such as books, videos, games, music, and software. These product sales include digital products sold on a transactional basis. Digital media content subscriptions that provide unlimited viewing or usage rights are included in “Subscription services.”",247029.0
AMAZON COM INC,AMZN,2024,Product/Service disclosure,Third-party seller services,"Includes commissions and any related fulfillment and shipping fees, and other third-party seller services.",156146.0
AMAZON COM INC,AMZN,2024,Product/Service disclosure,AWS,"AWS offers a broad set of on-demand technology services, including compute, storage, database, analytics, and machine learning, and other services.",107556.0
AMAZON COM INC,AMZN,2024,Product/Service disclosure,Advertising services,"Includes sales of advertising services to sellers, vendors, publishers, authors, and others, through programs such as sponsored ads, display, and video advertising.",56214.0
AMAZON COM INC,AMZN,2024,Product/Service disclosure,Subscription services,"Includes annual and monthly fees associated with Amazon Prime memberships, as well as digital video, audiobook, digital music, e-book, and other non-AWS subscription services.",44374.0
AMAZON COM INC,AMZN,2024,Product/Service disclosure,Physical stores,Includes product sales where our customers physically select items in a store.,21215.0
AMAZON COM INC,AMZN,2024,Product/Service disclosure,Other,"Includes sales related to various other offerings, such as healthcare services, certain licensing and distribution of video content, and shipping services, and our co-branded credit card agreements.",5425.0
"Meta Platforms, Inc.",META,2024,Family of Apps (FoA),Advertising,,160633.0
"Meta Platforms, Inc.",META,2024,Reality Labs,Reality Labs,"Total Year Ended December 31, Year Ended December 31, Year Ended December 31, 2024 2023 % change 2024 2023 % change 2024 2023 % change (in millions, except percentages) Revenue $ 162,355 $ 133,006",2146.0
"Meta Platforms, Inc.",META,2024,Family of Apps (FoA),Other revenue,,1722.0
NVIDIA CORP,NVDA,2025,Compute & Networking,Compute,,102196.0
NVIDIA CORP,NVDA,2025,Compute & Networking,Networking,,12990.0
NVIDIA CORP,NVDA,2025,Graphics,Gaming,"Gaming is the largest entertainment industry, with PC gaming as the predominant platform. Many factors propel its growth, including new high production value games and franchises, the continued rise of competitive gaming, or eSports, social connectivity and the increasing popularity of game streamers, modders, or gamers who remaster games, and creators. Our gaming platforms leverage our GPUs and sophisticated software to enhance the gaming experience with smoother, higher quality graphics. We developed NVIDIA RTX to bring next generation graphics and AI to games. NVIDIA RTX features ray tracing technology for real-time, cinematic-quality rendering. Ray tracing, which has long been used for special effects in the movie industry, is a computationally intensive technique that simulates the physical behavior of light to achieve greater realism in computer-generated scenes.",11350.0
NVIDIA CORP,NVDA,2025,Graphics,Professional Visualization,"We serve the Professional Visualization market by working closely with independent software vendors, or ISVs, to optimize their offerings for NVIDIA GPUs. Our GPU computing platform enhances productivity and introduces new capabilities for critical workflows in many fields, such as design and manufacturing and digital content creation. Design and manufacturing encompass computer-aided design, architectural design, consumer-products manufacturing, medical instrumentation, and aerospace. Digital content creation includes professional video editing and post-production, special effects for films, and broadcast-television graphics. Additionally, the infusion of generative AI into an increasing number of applications is giving rise to the need for the enhanced AI processing capabilities of our RTX GPUs. The NVIDIA RTX platform makes it possible to render film-quality, photorealistic objects and environments with physically accurate shadows, reflections and refractions using ray tracing in real-time.",1878.0
NVIDIA CORP,NVDA,2025,Product/Service disclosure,Automotive,"Automotive is comprised of platform solutions for automated driving from the cloud to the car. Leveraging our technology leadership in AI and building on our long-standing automotive relationships, we are delivering a complete end-to-end solution for the AV market under the DRIVE Hyperion brand. We have demonstrated multiple applications of AI within the car: AI can drive the car itself as a pilot in fully autonomous mode or it can also be a co-pilot, assisting the human driver while creating a safer driving experience. We are working with several hundred partners in the automotive ecosystem including automakers, truck makers, tier-one suppliers, sensor manufacturers, automotive research institutions, HD mapping companies, and startups to develop and deploy AI systems for self-driving vehicles. Our unified AI computing architecture starts with training deep neural networks using our Data Center computing solutions, and then running a full perception, fusion, planning, and control stack within the vehicle on the NVIDIA DRIVE Hyperion platform. DRIVE Hyperion consists of the high-performance, energy efficient DRIVE AGX computing hardware running an in-vehicle operating system (DRIVE OS), a reference sensor set that supports full self-driving capability as well as an open, modular DRIVE software platform for autonomous driving, mapping, and parking services, and intelligent in-vehicle experiences.",1694.0
NVIDIA CORP,NVDA,2025,Product/Service disclosure,OEM and Other,,389.0
