{
  "ticker": "META",
  "company_name": "Meta Platforms, Inc.",
  "fiscal_year": 2024,
  "line_provenance": [
    {
      "revenue_line": "Reality Labs",
      "description": "Total Year Ended December 31, Year Ended December 31, Year Ended December 31, 2024 2023 % change 2024 2023 % change 2024 2023 % change (in millions, except percentages) Revenue $ 162,355 $ 133,006",
      "source_section": "heading_based_html_heading",
      "evidence_snippet": "Total Year Ended December 31, Year Ended December 31, Year Ended December 31, 2024 2023 % change 2024 2023 % change 2024 2023 % change (in millions, except percentages) Revenue $ 162,355 $ 133,006",
      "footnote_id": null,
      "table_id": "t0031"
    }
  ]
}