{
  "tickers": {
    "AAPL": {
      "ok": true,
      "errors": [],
      "artifacts_dir": "C:\\Users\\yehud\\Business Classification\\data\\artifacts\\AAPL",
      "html_path": "C:\\Users\\yehud\\Business Classification\\data\\10k\\AAPL\\2025-10-31_000032019325000079\\primary_document.html",
      "sec_doc_url": "https://www.sec.gov/Archives/edgar/data/320193/000032019325000079/aapl-20250927.htm",
      "income_statement_table_id_guess": "t0037",
      "segment_year": 2025,
      "n_segments": 5,
      "validation": {
        "ok": true,
        "table_total": 416161000000,
        "segment_sum": 416161000000,
        "adjustment_sum": 0,
        "external_total": null,
        "delta_pct": 0.0,
        "notes": "OK: matches table total within 0.00%"
      }
    },
    "MSFT": {
      "ok": true,
      "errors": [],
      "artifacts_dir": "C:\\Users\\yehud\\Business Classification\\data\\artifacts\\MSFT",
      "html_path": "C:\\Users\\yehud\\Business Classification\\data\\10k\\MSFT\\2025-07-30_000095017025100235\\primary_document.html",
      "sec_doc_url": "https://www.sec.gov/Archives/edgar/data/789019/000095017025100235/msft-20250630.htm",
      "income_statement_table_id_guess": "t0013",
      "segment_year": 2025,
      "n_segments": 4,
      "validation": {
        "ok": true,
        "table_total": 281724000000,
        "segment_sum": 281724000000,
        "adjustment_sum": 0,
        "external_total": null,
        "delta_pct": 0.0,
        "notes": "OK: matches table total within 0.00%"
      }
    },
    "GOOGL": {
      "ok": true,
      "errors": [],
      "artifacts_dir": "C:\\Users\\yehud\\Business Classification\\data\\artifacts\\GOOGL",
      "html_path": "C:\\Users\\yehud\\Business Classification\\data\\10k\\GOOGL\\2025-02-05_000165204425000014\\primary_document.html",
      "sec_doc_url": "https://www.sec.gov/Archives/edgar/data/1652044/000165204425000014/goog-20241231.htm",
      "income_statement_table_id_guess": "t0046",
      "segment_year": 2024,
      "n_segments": 3,
      "validation": {
        "ok": true,
        "table_total": 350018000000,
        "segment_sum": 349807000000,
        "adjustment_sum": 211000000,
        "external_total": null,
        "delta_pct": 0.0,
        "notes": "OK: matches table total within 0.00%"
      }
    },
    "AMZN": {
      "ok": true,
      "errors": [],
      "artifacts_dir": "C:\\Users\\yehud\\Business Classification\\data\\artifacts\\AMZN",
      "html_path": "C:\\Users\\yehud\\Business Classification\\data\\10k\\AMZN\\2025-02-07_000101872425000004\\primary_document.html",
      "sec_doc_url": "https://www.sec.gov/Archives/edgar/data/1018724/000101872425000004/amzn-20241231.htm",
      "income_statement_table_id_guess": null,
      "segment_year": 2024,
      "n_segments": 7,
      "validation": {
        "ok": true,
        "table_total": null,
        "segment_sum": 637959000000,
        "adjustment_sum": 0,
        "external_total": 637959000000,
        "delta_pct": 0.0,
        "notes": "OK: matches SEC API total within 0.00%"
      }
    },
    "META": {
      "ok": true,
      "errors": [],
      "artifacts_dir": "C:\\Users\\yehud\\Business Classification\\data\\artifacts\\META",
      "html_path": "C:\\Users\\yehud\\Business Classification\\data\\10k\\META\\2025-01-30_000132680125000017\\primary_document.html",
      "sec_doc_url": "https://www.sec.gov/Archives/edgar/data/1326801/000132680125000017/meta-20241231.htm",
      "income_statement_table_id_guess": "t0010",
      "segment_year": 2024,
      "n_segments": 3,
      "validation": {
        "ok": true,
        "table_total": 164501000000,
        "segment_sum": 326856000000,
        "adjustment_sum": 0,
        "external_total": null,
        "delta_pct": null,
        "notes": "ACCEPTED: 3 segments, no validation reference available"
      }
    },
    "NVDA": {
      "ok": true,
      "errors": [],
      "artifacts_dir": "C:\\Users\\yehud\\Business Classification\\data\\artifacts\\NVDA",
      "html_path": "C:\\Users\\yehud\\Business Classification\\data\\10k\\NVDA\\2025-02-26_000104581025000023\\primary_document.html",
      "sec_doc_url": "https://www.sec.gov/Archives/edgar/data/1045810/000104581025000023/nvda-20250126.htm",
      "income_statement_table_id_guess": "t0009",
      "segment_year": 2025,
      "n_segments": 4,
      "validation": {
        "ok": true,
        "table_total": 130497000000,
        "segment_sum": 130497000000,
        "adjustment_sum": 0,
        "external_total": 130497000000,
        "delta_pct": 0.0,
        "notes": "OK: matches table total within 0.00%"
      }
    }
  },
  "outputs_dir": "C:\\Users\\yehud\\Business Classification\\data\\outputs_p5_regression"
}