{
  "ticker": "META",
  "company_name": "Meta Platforms, Inc.",
  "fiscal_year": 2024,
  "line_provenance": [
    {
      "revenue_line": "Advertising",
      "description": "Revenue from selling advertising placements on our family of apps to marketers, which is reflected in FoA. Ads on our platform enable marketers to reach people across a range of marketing objectives, such as generating leads or driving awareness.",
      "source_section": "note2_paragraph",
      "evidence_snippet": "Revenue from selling advertising placements on our family of apps to marketers, which is reflected in FoA. Ads on our platform enable marketers to reach people across a range of marketing objectives, such as generating leads or driving awareness.",
      "footnote_id": null,
      "table_id": "t0031"
    },
    {
      "revenue_line": "Other revenue",
      "description": "revenue from WhatsApp Business Platform, Meta Verified subscriptions, net fees we receive from developers using our Payments infrastructure, and revenue from various other sources.",
      "source_section": "note2_paragraph",
      "evidence_snippet": "revenue from WhatsApp Business Platform, Meta Verified subscriptions, net fees we receive from developers using our Payments infrastructure, and revenue from various other sources.",
      "footnote_id": null,
      "table_id": "t0031"
    },
    {
      "revenue_line": "Reality Labs",
      "description": "the delivery of consumer hardware products, such as Meta Quest and Ray-Ban Meta AI glasses, and related software and content.",
      "source_section": "note2_paragraph",
      "evidence_snippet": "the delivery of consumer hardware products, such as Meta Quest and Ray-Ban Meta AI glasses, and related software and content.",
      "footnote_id": null,
      "table_id": "t0031"
    }
  ]
}