{
  "ticker": "MSFT",
  "company_name": "MICROSOFT CORP",
  "fiscal_year": 2025,
  "line_provenance": [
    {
      "revenue_line": "Server products and cloud services",
      "description": "Azure is a comprehensive set of cloud services that offer developers, IT professionals, and enterprises freedom to build, deploy, and manage applications on any platform or device. Customers can use Azure through our global network of datacenters for computing, networking, storage, mobile and web application services, AI, Internet of Things, cognitive services, and machine learning. Azure enables customers to devote more resources to development and use of applications that benefit their organizations, rather than managing on-premises hardware and software. Azure revenue is mainly affected by infrastructure-as-a-service and platform-as-a-service consumption-based services. Azure AI offerings provide a competitive advantage as companies seek ways to optimize and scale their business with AI. We offer supercomputing power for AI at scale to run large workloads, complemented by our rapidly expanding portfolio of AI cloud services (including the latest models) and hardware, which includes custom-built silicon and strong partnerships with chip manufacturers.",
      "source_section": "heading_based_html_heading",
      "evidence_snippet": "Azure is a comprehensive set of cloud services that offer developers, IT professionals, and enterprises freedom to build, deploy, and manage applications on any platform or device. Customers can use Azure through our global network of datacenters for computing, networking, storage, mobile and web application services, AI, Internet of Things, cognitive services, and machine learning. Azure enables customers to devote more resources to development and use of applications that benefit their organiz",
      "footnote_id": null,
      "table_id": "t0073"
    },
    {
      "revenue_line": "Microsoft 365 Commercial products and cloud services",
      "description": "Microsoft 365 Commercial is an AI-powered business and productivity solutions platform that brings together Office, Windows, Microsoft 365 Copilot, and Enterprise Mobility + Security to help organizations empower their employees. Growth depends on our ability to reach new users in new markets such as frontline workers, small and medium businesses, and growth markets, as well as add AI-enabled tools, features, and agentic scenarios to our core product and service offerings across communication, collaboration, analytics, security, compliance, and other AI business productivity categories. Microsoft 365 Commercial revenue is mainly affected by a combination of continued installed base growth and average revenue per user expansion, as well as the continued shift from Office licensed on-premises to Microsoft 365. Microsoft 365 Consumer Products and Cloud Services Microsoft 365 Consumer is designed to increase personal productivity and creativity through a range of products and services. Growth depends on our ability to reach new users, add value to our core product set with new features including AI tools, and continue to expand our product and service offerings into new markets. Microsoft 365 Consumer cloud revenue and Office Consumer products revenue is mainly affected by the percentage of customers that buy Office with their new devices and the continued shift from Office licensed on-premises to Microsoft 365 Consumer subscriptions.",
      "source_section": "heading_based_html_heading",
      "evidence_snippet": "Microsoft 365 Commercial is an AI-powered business and productivity solutions platform that brings together Office, Windows, Microsoft 365 Copilot, and Enterprise Mobility + Security to help organizations empower their employees. Growth depends on our ability to reach new users in new markets such as frontline workers, small and medium businesses, and growth markets, as well as add AI-enabled tools, features, and agentic scenarios to our core product and service offerings across communication, c",
      "footnote_id": null,
      "table_id": "t0073"
    },
    {
      "revenue_line": "Gaming",
      "description": "Microsoft is expanding how billions of people globally access and play video games on PC, console, mobile, and cloud. Our game content is developed through a collection of first-party studios creating iconic and differentiated gaming experiences. We continue to invest in gaming studios and content to expand our intellectual property roadmap and leverage new content creators. These unique gaming experiences are the cornerstone of Xbox Game Pass, a subscription service and gaming community with access to a curated library of first- and third-party titles. The gamer remains at the heart of the Xbox ecosystem. We are identifying new opportunities to attract gamers across a variety of different end points through our first- and third-party content and business diversification across subscriptions, ads, and digital stores.",
      "source_section": "heading_based_html_heading",
      "evidence_snippet": "Microsoft is expanding how billions of people globally access and play video games on PC, console, mobile, and cloud. Our game content is developed through a collection of first-party studios creating iconic and differentiated gaming experiences. We continue to invest in gaming studios and content to expand our intellectual property roadmap and leverage new content creators. These unique gaming experiences are the cornerstone of Xbox Game Pass, a subscription service and gaming community with ac",
      "footnote_id": null,
      "table_id": "t0073"
    },
    {
      "revenue_line": "LinkedIn",
      "description": "LinkedIn connects the world’s professionals to make them more productive and successful and transforms the way companies hire, market, sell, and learn. In addition to LinkedIn’s free services, LinkedIn offers monetized solutions designed to offer AI-enabled insights and productivity: Talent Solutions, Marketing Solutions, Premium Subscriptions, and Sales Solutions. Growth will depend on our ability to increase LinkedIn member engagement on the platform and our ability to continue offering insight and AI-enabled services that provide value for our members and customers. LinkedIn revenue is mainly affected by demand from enterprises and professionals for subscriptions to Talent Solutions, Sales Solutions, and Premium Subscriptions offerings, as well as member engagement and the quality of the sponsored content delivered to those members to drive Marketing Solutions. Dynamics Products and Cloud Services Dynamics provides cloud-based and on-premises business solutions for financial management, enterprise resource planning (“ERP”), customer relationship management (“CRM”), and supply chain management, as well as agentic AI and other low code application development platforms, for small and medium businesses, large organizations, and divisions of global enterprises. Competition Competitors to Office include software and global application vendors, web-based and mobile application companies, AI-first application companies, as well as local application developers.",
      "source_section": "heading_based_html_heading",
      "evidence_snippet": "LinkedIn connects the world’s professionals to make them more productive and successful and transforms the way companies hire, market, sell, and learn. In addition to LinkedIn’s free services, LinkedIn offers monetized solutions designed to offer AI-enabled insights and productivity: Talent Solutions, Marketing Solutions, Premium Subscriptions, and Sales Solutions. Growth will depend on our ability to increase LinkedIn member engagement on the platform and our ability to continue offering insigh",
      "footnote_id": null,
      "table_id": "t0073"
    },
    {
      "revenue_line": "Windows and Devices",
      "description": "The Windows operating system is designed to deliver a more personal computing experience for users by enabling consistency of experience, applications, and information across their devices. Windows OEM revenue is impacted significantly by the number of Windows operating system licenses purchased by OEMs, which they pre-install on the devices they sell. In addition to computing device market volume, Windows OEM revenue is impacted by: • The mix of computing devices based on form factor and screen size. • Differences in device market demand between developed markets and growth markets. • Growth of the AI PC category. • Attachment of Windows to devices shipped. • Customer mix between consumer, small and medium businesses, and large enterprises. • Changes in inventory levels in the OEM channel. • Pricing changes and promotions, pricing variation that occurs when the mix of devices manufactured shifts from local and regional system builders to large multinational OEMs, and different pricing of Windows versions licensed. • Constraints in the supply chain of device components. • Piracy. We design and sell devices, such as Surface (including Copilot+ PCs) and PC accessories. Our devices are designed to enable people and organizations to connect to the people and content that matter most using Windows and integrated Microsoft products and services. Surface is designed to help organizations, students, and consumers be more productive.",
      "source_section": "heading_based_html_heading",
      "evidence_snippet": "The Windows operating system is designed to deliver a more personal computing experience for users by enabling consistency of experience, applications, and information across their devices. Windows OEM revenue is impacted significantly by the number of Windows operating system licenses purchased by OEMs, which they pre-install on the devices they sell. In addition to computing device market volume, Windows OEM revenue is impacted by: • The mix of computing devices based on form factor and screen",
      "footnote_id": null,
      "table_id": "t0073"
    },
    {
      "revenue_line": "Search and news advertising",
      "description": "Our Search and news advertising business is designed to deliver relevant search, native, and display advertising to a global audience. Microsoft Copilot is a digital companion designed to inform, entertain, and inspire. Our Microsoft Edge browser and Bing search engine with Copilot are key tools to enable user acquisition and engagement, while our technology platform enables accelerated delivery of digital advertising solutions. In addition to first-party tools, we have several partnerships with companies through which we provide and monetize search offerings. Growth depends on our ability to attract new users, understand intent, and match intent with relevant content on advertising offerings. Competition Windows faces competition from various software products and from alternative platforms and devices.",
      "source_section": "heading_based_html_heading",
      "evidence_snippet": "Our Search and news advertising business is designed to deliver relevant search, native, and display advertising to a global audience. Microsoft Copilot is a digital companion designed to inform, entertain, and inspire. Our Microsoft Edge browser and Bing search engine with Copilot are key tools to enable user acquisition and engagement, while our technology platform enables accelerated delivery of digital advertising solutions. In addition to first-party tools, we have several partnerships with",
      "footnote_id": null,
      "table_id": "t0073"
    },
    {
      "revenue_line": "Dynamics products and cloud services",
      "description": "Dynamics provides cloud-based and on-premises business solutions for financial management, enterprise resource planning (“ERP”), customer relationship management (“CRM”), and supply chain management, as well as agentic AI and other low code application development platforms, for small and medium businesses, large organizations, and divisions of global enterprises. Competition Competitors to Office include software and global application vendors, web-based and mobile application companies, AI-first application companies, as well as local application developers. We compete by providing secure, integrated industry-specific, and easy-to-use productivity and collaboration tools and services that create comprehensive solutions and work well with technologies our customers already have both on-premises or in the cloud. Windows faces competition from various software products and from alternative platforms and devices. Microsoft Defender for Endpoint competes with endpoint security solution providers. Our Enterprise Mobility + Security offerings compete with products from a range of competitors including identity vendors, security solution vendors, and numerous other security point solution vendors.",
      "source_section": "heading_based_html_heading",
      "evidence_snippet": "Dynamics provides cloud-based and on-premises business solutions for financial management, enterprise resource planning (“ERP”), customer relationship management (“CRM”), and supply chain management, as well as agentic AI and other low code application development platforms, for small and medium businesses, large organizations, and divisions of global enterprises. Competition Competitors to Office include software and global application vendors, web-based and mobile application companies, AI-fir",
      "footnote_id": null,
      "table_id": "t0073"
    },
    {
      "revenue_line": "Enterprise and partner services",
      "description": "Enterprise and partner services, including Enterprise Support Services, Industry Solutions, Nuance professional services, Microsoft Partner Network, and Learning Experience, assist customers in developing, deploying, and managing Microsoft server solutions, Microsoft desktop solutions, and Nuance conversational AI and ambient intelligent solutions, along with providing training and certification to developers and IT professionals on various Microsoft products. Competition Azure faces diverse competition from cloud service providers and open source offerings. Azure’s competitive advantage includes enabling a hybrid cloud, allowing deployment of existing datacenters with our public cloud into a single, cohesive infrastructure, and the ability to run at a scale that meets the needs of businesses of all sizes and complexities. Our AI offerings compete with AI products from hyperscalers, as well as products from other emerging competitors and other open source offerings, many of which are also current or potential partners. Our Azure Security offerings include our cloud security solution and security information and event management solution, which compete with providers in the cybersecurity and cloud security space. We believe our cloud’s global scale, coupled with our broad portfolio of identity and security solutions, allows us to effectively solve complex cybersecurity challenges for our customers and differentiates us from the competition.",
      "source_section": "heading_based_html_heading",
      "evidence_snippet": "Enterprise and partner services, including Enterprise Support Services, Industry Solutions, Nuance professional services, Microsoft Partner Network, and Learning Experience, assist customers in developing, deploying, and managing Microsoft server solutions, Microsoft desktop solutions, and Nuance conversational AI and ambient intelligent solutions, along with providing training and certification to developers and IT professionals on various Microsoft products. Competition Azure faces diverse com",
      "footnote_id": null,
      "table_id": "t0073"
    },
    {
      "revenue_line": "Microsoft 365 Consumer products and cloud services",
      "description": "Microsoft 365 Consumer is designed to increase personal productivity and creativity through a range of products and services. Growth depends on our ability to reach new users, add value to our core product set with new features including AI tools, and continue to expand our product and service offerings into new markets. Microsoft 365 Consumer cloud revenue and Office Consumer products revenue is mainly affected by the percentage of customers that buy Office with their new devices and the continued shift from Office licensed on-premises to Microsoft 365 Consumer subscriptions. In addition to LinkedIn’s free services, LinkedIn offers monetized solutions designed to offer AI-enabled insights and productivity: Talent Solutions, Marketing Solutions, Premium Subscriptions, and Sales Solutions. Growth will depend on our ability to increase LinkedIn member engagement on the platform and our ability to continue offering insight and AI-enabled services that provide value for our members and customers. LinkedIn revenue is mainly affected by demand from enterprises and professionals for subscriptions to Talent Solutions, Sales Solutions, and Premium Subscriptions offerings, as well as member engagement and the quality of the sponsored content delivered to those members to drive Marketing Solutions.",
      "source_section": "heading_based_html_heading",
      "evidence_snippet": "Microsoft 365 Consumer is designed to increase personal productivity and creativity through a range of products and services. Growth depends on our ability to reach new users, add value to our core product set with new features including AI tools, and continue to expand our product and service offerings into new markets. Microsoft 365 Consumer cloud revenue and Office Consumer products revenue is mainly affected by the percentage of customers that buy Office with their new devices and the contin",
      "footnote_id": null,
      "table_id": "t0073"
    },
    {
      "revenue_line": "Other",
      "description": "sales from cloud-based solutions that provide customers with software, services, platforms, and content such as Office 365, Azure, Dynamics 365, and gaming; solution support; and consulting services.",
      "source_section": "note2_paragraph",
      "evidence_snippet": "sales from cloud-based solutions that provide customers with software, services, platforms, and content such as Office 365, Azure, Dynamics 365, and gaming; solution support; and consulting services.",
      "footnote_id": null,
      "table_id": "t0073"
    }
  ]
}