{
  "ticker": "AMZN",
  "company_name": "AMAZON COM INC",
  "fiscal_year": 2024,
  "line_provenance": [
    {
      "revenue_line": "Online stores (1)",
      "description": "We leverage our retail infrastructure to offer a wide selection of consumable and durable goods that includes media products available in both a physical and digital format, such as books, videos, games, music, and software. These product sales include digital products sold on a transactional basis. Digital media content subscriptions that provide unlimited viewing or usage rights are included in “Subscription services.”",
      "source_section": "table_footnote_regex",
      "evidence_snippet": "Includes product sales and digital media content where we record revenue gross. We leverage our retail infrastructure to offer a wide selection of consumable and durable goods that includes media products available in both a physical and digital format, such as books, videos, games, music, and software. These product sales include digital products sold on a transactional basis. Digital media content subscriptions that provide unlimited viewing or usage rights are included in “Subscription servic",
      "footnote_id": "1",
      "table_id": "t0069"
    },
    {
      "revenue_line": "Third-party seller services (3)",
      "description": "Includes commissions and any related fulfillment and shipping fees, and other third-party seller services.",
      "source_section": "table_footnote_regex",
      "evidence_snippet": "Includes commissions and any related fulfillment and shipping fees, and other third-party seller services.",
      "footnote_id": "3",
      "table_id": "t0069"
    },
    {
      "revenue_line": "Advertising services (4)",
      "description": "Includes sales of advertising services to sellers, vendors, publishers, authors, and others, through programs such as sponsored ads, display, and video advertising.",
      "source_section": "table_footnote_regex",
      "evidence_snippet": "Includes sales of advertising services to sellers, vendors, publishers, authors, and others, through programs such as sponsored ads, display, and video advertising.",
      "footnote_id": "4",
      "table_id": "t0069"
    },
    {
      "revenue_line": "Subscription services (5)",
      "description": "Includes annual and monthly fees associated with Amazon Prime memberships, as well as digital video, audiobook, digital music, e-book, and other non-AWS subscription services.",
      "source_section": "table_footnote_regex",
      "evidence_snippet": "Includes annual and monthly fees associated with Amazon Prime memberships, as well as digital video, audiobook, digital music, e-book, and other non-AWS subscription services.",
      "footnote_id": "5",
      "table_id": "t0069"
    },
    {
      "revenue_line": "AWS",
      "description": "amounts earned from global sales of compute, storage, database, and other services for start-ups, enterprises, government agencies, and academic institutions.",
      "source_section": "note2_paragraph",
      "evidence_snippet": "amounts earned from global sales of compute, storage, database, and other services for start-ups, enterprises, government agencies, and academic institutions.",
      "footnote_id": null,
      "table_id": "t0069"
    },
    {
      "revenue_line": "Other (6)",
      "description": "sales related to various other offerings, such as healthcare services, certain licensing and distribution of video content, and shipping services, and our co-branded credit card agreements.",
      "source_section": "note2_paragraph",
      "evidence_snippet": "sales related to various other offerings, such as healthcare services, certain licensing and distribution of video content, and shipping services, and our co-branded credit card agreements.",
      "footnote_id": null,
      "table_id": "t0069"
    },
    {
      "revenue_line": "Physical stores (2)",
      "description": "Includes sales from Amazon's physical stores, which as of December 31, 2024, comprised 618 North America and 27 International stores.",
      "source_section": "llm_table_context",
      "evidence_snippet": "[TABLE CONTEXT]   blishers, authors, and others, through programs such as sponsored ads, display, and video advertising. (5) Includes annual and monthly fees associated with Amazon Prime memberships, as well as digital video, audiobook, digital music, e-book, and other non-AWS subscription services. Net sales by groups of similar products and services, which also have similar economic characteristics, is as follows (in millions): Year Ended December 31, 2022 2023 2024 Net Sales: Online stores (1",
      "footnote_id": null,
      "table_id": "t0069"
    }
  ]
}