{
  "ticker": "NVDA",
  "company_name": "NVIDIA CORP",
  "fiscal_year": 2025,
  "line_provenance": [
    {
      "revenue_line": "Networking",
      "description": "our Data Center accelerated computing platforms and AI solutions and software; networking; automotive platforms and autonomous and electric vehicle solutions; Jetson for robotics and other embedded platforms; and DGX Cloud computing services.",
      "source_section": "note2_paragraph",
      "evidence_snippet": "our Data Center accelerated computing platforms and AI solutions and software; networking; automotive platforms and autonomous and electric vehicle solutions; Jetson for robotics and other embedded platforms; and DGX Cloud computing services.",
      "footnote_id": null,
      "table_id": "t0059"
    },
    {
      "revenue_line": "Gaming",
      "description": "Gaming is the largest entertainment industry, with PC gaming as the predominant platform. Many factors propel its growth, including new high production value games and franchises, the continued rise of competitive gaming, or eSports, social connectivity and the increasing popularity of game streamers, modders, or gamers who remaster games, and creators. Our gaming platforms leverage our GPUs and sophisticated software to enhance the gaming experience with smoother, higher quality graphics. We developed NVIDIA RTX to bring next generation graphics and AI to games. NVIDIA RTX features ray tracing technology for real-time, cinematic-quality rendering. Ray tracing, which has long been used for special effects in the movie industry, is a computationally intensive technique that simulates the physical behavior of light to achieve greater realism in computer-generated scenes.",
      "source_section": "heading_based_html_heading",
      "evidence_snippet": "Gaming is the largest entertainment industry, with PC gaming as the predominant platform. Many factors propel its growth, including new high production value games and franchises, the continued rise of competitive gaming, or eSports, social connectivity and the increasing popularity of game streamers, modders, or gamers who remaster games, and creators. Our gaming platforms leverage our GPUs and sophisticated software to enhance the gaming experience with smoother, higher quality graphics. We de",
      "footnote_id": null,
      "table_id": "t0059"
    },
    {
      "revenue_line": "Professional Visualization",
      "description": "We serve the Professional Visualization market by working closely with independent software vendors, or ISVs, to optimize their offerings for NVIDIA GPUs. Our GPU computing platform enhances productivity and introduces new capabilities for critical workflows in many fields, such as design and manufacturing and digital content creation. Design and manufacturing encompass computer-aided design, architectural design, consumer-products manufacturing, medical instrumentation, and aerospace. Digital content creation includes professional video editing and post-production, special effects for films, and broadcast-television graphics. Additionally, the infusion of generative AI into an increasing number of applications is giving rise to the need for the enhanced AI processing capabilities of our RTX GPUs. The NVIDIA RTX platform makes it possible to render film-quality, photorealistic objects and environments with physically accurate shadows, reflections and refractions using ray tracing in real-time.",
      "source_section": "heading_based_html_heading",
      "evidence_snippet": "We serve the Professional Visualization market by working closely with independent software vendors, or ISVs, to optimize their offerings for NVIDIA GPUs. Our GPU computing platform enhances productivity and introduces new capabilities for critical workflows in many fields, such as design and manufacturing and digital content creation. Design and manufacturing encompass computer-aided design, architectural design, consumer-products manufacturing, medical instrumentation, and aerospace. Digital c",
      "footnote_id": null,
      "table_id": "t0059"
    },
    {
      "revenue_line": "Automotive",
      "description": "Automotive is comprised of platform solutions for automated driving from the cloud to the car. Leveraging our technology leadership in AI and building on our long-standing automotive relationships, we are delivering a complete end-to-end solution for the AV market under the DRIVE Hyperion brand. We have demonstrated multiple applications of AI within the car: AI can drive the car itself as a pilot in fully autonomous mode or it can also be a co-pilot, assisting the human driver while creating a safer driving experience. We are working with several hundred partners in the automotive ecosystem including automakers, truck makers, tier-one suppliers, sensor manufacturers, automotive research institutions, HD mapping companies, and startups to develop and deploy AI systems for self-driving vehicles. Our unified AI computing architecture starts with training deep neural networks using our Data Center computing solutions, and then running a full perception, fusion, planning, and control stack within the vehicle on the NVIDIA DRIVE Hyperion platform. DRIVE Hyperion consists of the high-performance, energy efficient DRIVE AGX computing hardware running an in-vehicle operating system (DRIVE OS), a reference sensor set that supports full self-driving capability as well as an open, modular DRIVE software platform for autonomous driving, mapping, and parking services, and intelligent in-vehicle experiences.",
      "source_section": "heading_based_html_heading",
      "evidence_snippet": "Automotive is comprised of platform solutions for automated driving from the cloud to the car. Leveraging our technology leadership in AI and building on our long-standing automotive relationships, we are delivering a complete end-to-end solution for the AV market under the DRIVE Hyperion brand. We have demonstrated multiple applications of AI within the car: AI can drive the car itself as a pilot in fully autonomous mode or it can also be a co-pilot, assisting the human driver while creating a ",
      "footnote_id": null,
      "table_id": "t0059"
    }
  ]
}